"region","regionsales"
"West","754575.4100000004"
"North","659028.5599999995"
"East","648643.4000000003"
"South","579078.97"
