"customerid","name","totalspent"
128,"Blake Gordon","33584.57"
36,"Madison Ward","32269.170000000006"
165,"Matthew Russell","30001.88"
81,"Amanda Abbott","28475.510000000006"
191,"Colin Rivera","27987.659999999996"
164,"Drew Joyce","27001.55"
127,"Laurie Trujillo","26670.18"
83,"David Spencer","26099.289999999997"
184,"Craig Smith","25852.260000000002"
30,"Laura Harper","25599.980000000003"
